{
  "project_info": {
    "project_number": "82754721440",
    "project_id": "reminder-location-app-30890",
    "storage_bucket": "reminder-location-app-30890.appspot.com"
  },
  "client": [
    {
      "client_info": {
        "mobilesdk_app_id": "1:82754721440:android:ae3e7c31eab0a7e1ec5bc5",
        "android_client_info": {
          "package_name": "com.udacity.project4"
        }
      },
      "oauth_client": [
        {
          "client_id": "82754721440-0ufelp35162stq602t29hti2k7rn8tov.apps.googleusercontent.com",
          "client_type": 3
        }
      ],
      "api_key": [
        {
          "current_key": "AIzaSyA_bfcTR-EhzqDJSNOdDOMRm3p4PUXKODk"
        }
      ],
      "services": {
        "appinvite_service": {
          "other_platform_oauth_client": [
            {
              "client_id": "82754721440-0ufelp35162stq602t29hti2k7rn8tov.apps.googleusercontent.com",
              "client_type": 3
            }
          ]
        }
      }
    }
  ],
  "configuration_version": "1"
}